Outcome,Model,Predictors,R2,Adj_R2,n
Q28_A5,Model 1,age,0.005091463165546559,0.0049935487342077645,10163
Q28_A5,Model 2,age + gender,0.009400332722630318,0.009205332788126741,10163
Q28_A5,Model 3,age + gender + education,0.018114890694354395,0.017824935449948565,10163
Q28_A5,Model 4,age + gender + education + income,0.019427497632135048,0.01904136945636492,10163
