Outcome,Model,Predictors,R2,Adj_R2,n
Q28_A4,Model 1,age,0.005268506322618915,0.005169023224941505,10001
Q28_A4,Model 2,age + gender,0.00932052134228712,0.00912234581144944,10001
Q28_A4,Model 3,age + gender + education,0.011265528672443145,0.010968819318238676,10001
Q28_A4,Model 4,age + gender + education + income,0.011273608274963607,0.010877959458747144,10001
