Outcome,Model,Predictors,R2,Adj_R2,n
Q28_A6,Model 1,age,3.582073981190254e-4,2.5909558049030945e-4,10088
Q28_A6,Model 2,age + gender,0.018113135295779646,0.017918413061827287,10088
Q28_A6,Model 3,age + gender + education,0.025320317901826254,0.025030349729841528,10088
Q28_A6,Model 4,age + gender + education + income,0.025321777029443274,0.024935115034810496,10088
