Outcome,Model,Predictors,R2,Adj_R2,n
Q28_A1,Model 1,age,0.0683314072222157,0.06824416416642598,10681
Q28_A1,Model 2,age + gender,0.07142433777112511,0.07125041462779691,10681
Q28_A1,Model 3,age + gender + education,0.08667540792224279,0.08641878398516012,10681
Q28_A1,Model 4,age + gender + education + income,0.08883909388872484,0.08849770726223138,10681
