Outcome,Model,Predictors,R2,Adj_R2,n
Q28_A7,Model 1,age,1.560521018334835e-4,6.064714497300283e-5,10482
Q28_A7,Model 2,age + gender,0.0035559539337560358,0.0033657747093899237,10482
Q28_A7,Model 3,age + gender + education,0.004053314728635125,0.0037681610680305733,10482
Q28_A7,Model 4,age + gender + education + income,0.004385387626617522,0.004005273238004925,10482
