Outcome,Model,Predictors,R2,Adj_R2,n
Q28_A3,Model 1,age,0.008340583969498118,0.008245506364893074,10432
Q28_A3,Model 2,age + gender,0.018012181888500272,0.017823863196753886,10432
Q28_A3,Model 3,age + gender + education,0.03302440397879962,0.032746217673845224,10432
Q28_A3,Model 4,age + gender + education + income,0.03341637441439891,0.03304557413605014,10432
