Outcome,Model,Predictors,R2,Adj_R2,n
Q28_A2,Model 1,age,0.058985668557111556,0.05889590280957335,10485
Q28_A2,Model 2,age + gender,0.0657357323208911,0.065557471632534,10485
Q28_A2,Model 3,age + gender + education,0.07511337268332105,0.07484864032171923,10485
Q28_A2,Model 4,age + gender + education + income,0.07617731976593549,0.07582471568951021,10485
