Outcome,Model,Predictors,R2,Adj_R2,n
Q31,Model 1,age,0.021219954292221073,0.021112040284976707,9072
Q31,Model 2,age + gender,0.037232396174004666,0.03702007560860021,9072
Q31,Model 3,age + gender + education,0.06199092039293615,0.06168059537762738,9072
Q31,Model 4,age + gender + education + income,0.06308058657936044,0.06266725497533676,9072
