Outcome,Model,Predictors,R2,Adj_R2,n
Q33,Model 1,age,0.0013809537620338467,0.001261928845914806,8392
Q33,Model 2,age + gender,0.00786258746222657,0.007626054523249826,8392
Q33,Model 3,age + gender + education,0.018790882381251223,0.01843994922044334,8392
Q33,Model 4,age + gender + education + income,0.02285950761440098,0.022393481386960734,8392
