Outcome,Model,Predictors,R2,Adj_R2,n
Q34,Model 1,age,5.051526400599026e-4,3.873015791755474e-4,8483
Q34,Model 2,age + gender,0.016119051862889672,0.01588700446946123,8483
Q34,Model 3,age + gender + education,0.02416257017563771,0.023817303954447366,8483
Q34,Model 4,age + gender + education + income,0.025752269477377975,0.025292610250898795,8483
