Outcome,Model,Predictors,R2,Adj_R2,n
Q32,Model 1,age,3.3335459242269674e-4,2.1426159201676231e-4,8396
Q32,Model 2,age + gender,0.01040193415176578,0.010166119052075984,8396
Q32,Model 3,age + gender + education,0.028197154974118142,0.027849751669175693,8396
Q32,Model 4,age + gender + education + income,0.032031756656960564,0.031570325007172384,8396
